{"cameraMode":{"drawMode":0,"name":"Shaded","section":"Shading Mode"},"sceneLighting":true,"audioPlay":false,"sceneViewState":{"showFog":true,"showMaterialUpdate":false,"showSkybox":true,"showFlares":true,"showImageEffects":true,"showParticleSystems":true},"in2DMode":false,"pivot":{"x":6.898308753967285,"y":1.2798728942871094,"z":0.5186424255371094},"rotation":{"x":-0.2125583440065384,"y":-0.052156202495098117,"z":0.011329037137329579,"w":-0.975689709186554},"size":22.0,"orthographic":false}