{"cameraMode":{"drawMode":0,"name":"Shaded","section":"Shading Mode"},"sceneLighting":true,"audioPlay":false,"sceneViewState":{"showFog":true,"showMaterialUpdate":false,"showSkybox":true,"showFlares":true,"showImageEffects":true,"showParticleSystems":true},"in2DMode":false,"pivot":{"x":38.5,"y":1.8339999914169312,"z":-30.256999969482423},"rotation":{"x":0.2689180076122284,"y":0.033533889800310138,"z":-0.009339881129562855,"w":0.9625338315963745},"size":62.72587585449219,"orthographic":false}