{"cameraMode":{"drawMode":0,"name":"Shaded","section":"Shading Mode"},"sceneLighting":false,"audioPlay":false,"sceneViewState":{"showFog":true,"showMaterialUpdate":false,"showSkybox":true,"showFlares":true,"showImageEffects":true,"showParticleSystems":true},"in2DMode":false,"pivot":{"x":-13.286694526672364,"y":14.26014518737793,"z":-24.764286041259767},"rotation":{"x":-0.013193019665777684,"y":-0.982463002204895,"z":0.1696741133928299,"w":-0.07617752254009247},"size":6.543562889099121,"orthographic":false}