{"cameraMode":{"drawMode":0,"name":"Shaded","section":"Shading Mode"},"sceneLighting":true,"audioPlay":false,"sceneViewState":{"showFog":true,"showMaterialUpdate":false,"showSkybox":true,"showFlares":true,"showImageEffects":true,"showParticleSystems":true},"in2DMode":false,"pivot":{"x":199.4473419189453,"y":426.9700012207031,"z":-506.4632873535156},"rotation":{"x":-0.08838173747062683,"y":-0.00986240804195404,"z":0.0008424716652370989,"w":-0.9960375428199768},"size":295.6721496582031,"orthographic":false}