{"cameraMode":{"drawMode":0,"name":"Shaded","section":"Shading Mode"},"sceneLighting":true,"audioPlay":false,"sceneViewState":{"showFog":true,"showMaterialUpdate":false,"showSkybox":true,"showFlares":true,"showImageEffects":true,"showParticleSystems":true},"in2DMode":false,"pivot":{"x":-1.3185251951217652,"y":-27.176071166992189,"z":63.487464904785159},"rotation":{"x":-0.22452428936958314,"y":0.021028822287917138,"z":-0.004885188303887844,"w":-0.9742293357849121},"size":108.40119934082031,"orthographic":false}