{"cameraMode":{"drawMode":0,"name":"Shaded","section":"Shading Mode"},"sceneLighting":true,"audioPlay":false,"sceneViewState":{"showFog":true,"showMaterialUpdate":false,"showSkybox":true,"showFlares":true,"showImageEffects":true,"showParticleSystems":true},"in2DMode":false,"pivot":{"x":-34.411834716796878,"y":0.6845550537109375,"z":18.38266944885254},"rotation":{"x":0.34404367208480837,"y":0.27597835659980776,"z":-0.10651710629463196,"w":0.8911363482475281},"size":55.226959228515628,"orthographic":false}