{"cameraMode":{"drawMode":0,"name":"Shaded","section":"Shading Mode"},"sceneLighting":true,"audioPlay":false,"sceneViewState":{"showFog":true,"showMaterialUpdate":false,"showSkybox":true,"showFlares":true,"showImageEffects":true,"showParticleSystems":true},"in2DMode":false,"pivot":{"x":-0.39084893465042117,"y":-45.615882873535159,"z":37.60911178588867},"rotation":{"x":0.3447127044200897,"y":0.0031211788300424816,"z":-0.0011172021040692926,"w":0.938702404499054},"size":126.76061248779297,"orthographic":false}