{"cameraMode":{"drawMode":0,"name":"Shaded","section":"Shading Mode"},"sceneLighting":true,"audioPlay":false,"sceneViewState":{"showFog":true,"showMaterialUpdate":false,"showSkybox":true,"showFlares":true,"showImageEffects":true,"showParticleSystems":true},"in2DMode":false,"pivot":{"x":14.413858413696289,"y":7.9797587394714359,"z":-8.152076721191407},"rotation":{"x":-0.3759463131427765,"y":0.44097796082496645,"z":-0.21061944961547852,"w":-0.7873006463050842},"size":16.73407554626465,"orthographic":false}