{"cameraMode":{"drawMode":0,"name":"Shaded","section":"Shading Mode"},"sceneLighting":true,"audioPlay":false,"sceneViewState":{"showFog":true,"showMaterialUpdate":false,"showSkybox":true,"showFlares":true,"showImageEffects":true,"showParticleSystems":true},"in2DMode":false,"pivot":{"x":-18.724153518676759,"y":-7.67807149887085,"z":24.23067283630371},"rotation":{"x":0.22814679145812989,"y":0.12810659408569337,"z":-0.030257226899266244,"w":0.9646876454353333},"size":88.39845275878906,"orthographic":false}