{"cameraMode":{"drawMode":0,"name":"Shaded","section":"Shading Mode"},"sceneLighting":false,"audioPlay":false,"sceneViewState":{"showFog":true,"showMaterialUpdate":false,"showSkybox":true,"showFlares":true,"showImageEffects":true,"showParticleSystems":true},"in2DMode":false,"pivot":{"x":22.920000076293947,"y":4.400000095367432,"z":-3.819999933242798},"rotation":{"x":-0.3005322515964508,"y":0.24715782701969148,"z":-0.08094827085733414,"w":-0.9176278114318848},"size":3.0293586254119875,"orthographic":false}