{"cameraMode":{"drawMode":0,"name":"Shaded","section":"Shading Mode"},"sceneLighting":false,"audioPlay":false,"sceneViewState":{"showFog":true,"showMaterialUpdate":false,"showSkybox":true,"showFlares":true,"showImageEffects":true,"showParticleSystems":true},"in2DMode":false,"pivot":{"x":-0.033115386962890628,"y":2.6999998092651369,"z":0.09000003337860108},"rotation":{"x":-0.19561727344989777,"y":-0.7400051951408386,"z":0.24282419681549073,"w":-0.5959552526473999},"size":6.06248664855957,"orthographic":false}