{"cameraMode":{"drawMode":0,"name":"Shaded","section":"Shading Mode"},"sceneLighting":true,"audioPlay":false,"sceneViewState":{"showFog":true,"showMaterialUpdate":false,"showSkybox":true,"showFlares":true,"showImageEffects":true,"showParticleSystems":true},"in2DMode":false,"pivot":{"x":21.86736488342285,"y":4.1579203605651859,"z":-3.7121317386627199},"rotation":{"x":-0.028363239020109178,"y":-0.09670785814523697,"z":0.0027556042186915876,"w":-0.9949048161506653},"size":3.590677499771118,"orthographic":false}