{"cameraMode":{"drawMode":0,"name":"Shaded","section":"Shading Mode"},"sceneLighting":true,"audioPlay":false,"sceneViewState":{"showFog":true,"showMaterialUpdate":false,"showSkybox":true,"showFlares":true,"showImageEffects":true,"showParticleSystems":true},"in2DMode":false,"pivot":{"x":0.7124824523925781,"y":-4.657417297363281,"z":-1.6231460571289063},"rotation":{"x":-0.3134537935256958,"y":0.06032833456993103,"z":-0.02000446803867817,"w":-0.9474740624427795},"size":76.04006958007813,"orthographic":false}