{"cameraMode":{"drawMode":0,"name":"Shaded","section":"Shading Mode"},"sceneLighting":true,"audioPlay":false,"sceneViewState":{"showFog":true,"showMaterialUpdate":false,"showSkybox":true,"showFlares":true,"showImageEffects":true,"showParticleSystems":true},"in2DMode":false,"pivot":{"x":-28.523012161254884,"y":-12.179717063903809,"z":50.15458297729492},"rotation":{"x":-0.17191952466964723,"y":-0.01802593469619751,"z":0.0030994766857475044,"w":-0.9849412441253662},"size":72.07032775878906,"orthographic":false}